season,season_type,PLAYER_ID,PLAYER_NAME,TEAM_ID,TEAM_ABBREVIATION,AGE,GP,W,L,W_PCT,MIN,OFF_RATING,DEF_RATING,NET_RATING,AST_PCT,AST_TO,AST_RATIO,OREB_PCT,DREB_PCT,REB_PCT,TM_TOV_PCT,EFG_PCT,TS_PCT,USG_PCT,PACE,PIE,source
2025-26,Regular Season,,Tyrese Maxey,,,,10.0,,,,411.0,,,,,,,,,,,,0.617,29.5,,,basketball-reference
2025-26,Regular Season,,Cade Cunningham,,,,11.0,,,,407.0,,,,,,,,,,,,0.538,32.0,,,basketball-reference
2025-26,Regular Season,,Devin Booker,,,,11.0,,,,396.0,,,,,,,,,,,,0.627,31.1,,,basketball-reference
2025-26,Regular Season,,Franz Wagner,,,,11.0,,,,385.0,,,,,,,,,,,,0.597,24.5,,,basketball-reference
2025-26,Regular Season,,Shai Gilgeous-Alexander,,,,11.0,,,,383.0,,,,,,,,,,,,0.643,34.1,,,basketball-reference
2025-26,Regular Season,,Rui Hachimura,,,,11.0,,,,382.0,,,,,,,,,,,,0.697,16.1,,,basketball-reference
2025-26,Regular Season,,Paolo Banchero,,,,11.0,,,,381.0,,,,,,,,,,,,0.577,27.6,,,basketball-reference
2025-26,Regular Season,,VJ Edgecombe,,,,10.0,,,,376.0,,,,,,,,,,,,0.523,19.3,,,basketball-reference
2025-26,Regular Season,,Evan Mobley,,,,11.0,,,,373.0,,,,,,,,,,,,0.564,24.2,,,basketball-reference
2025-26,Regular Season,,Grayson Allen,,,,11.0,,,,372.0,,,,,,,,,,,,0.631,20.7,,,basketball-reference
2025-26,Regular Season,,Kelly Oubre Jr.,,,,10.0,,,,372.0,,,,,,,,,,,,0.629,17.9,,,basketball-reference
2025-26,Regular Season,,Dyson Daniels,,,,11.0,,,,369.0,,,,,,,,,,,,0.5,14.6,,,basketball-reference
2025-26,Regular Season,,Julius Randle,,,,11.0,,,,366.0,,,,,,,,,,,,0.663,28.1,,,basketball-reference
2025-26,Regular Season,,P.J. Washington,,,,11.0,,,,361.0,,,,,,,,,,,,0.527,22.3,,,basketball-reference
2025-26,Regular Season,,Derrick White,,,,11.0,,,,361.0,,,,,,,,,,,,0.453,22.8,,,basketball-reference
2025-26,Regular Season,,Cooper Flagg,,,,11.0,,,,360.0,,,,,,,,,,,,0.516,21.4,,,basketball-reference
2025-26,Regular Season,,Andrew Wiggins,,,,11.0,,,,359.0,,,,,,,,,,,,0.614,20.7,,,basketball-reference
2025-26,Regular Season,,Duncan Robinson,,,,11.0,,,,358.0,,,,,,,,,,,,0.613,12.2,,,basketball-reference
2025-26,Regular Season,,Trey Murphy III,,,,10.0,,,,355.0,,,,,,,,,,,,0.576,20.5,,,basketball-reference
2025-26,Regular Season,,Lauri Markkanen,,,,10.0,,,,353.0,,,,,,,,,,,,0.59,28.5,,,basketball-reference
2025-26,Regular Season,,Rudy Gobert,,,,11.0,,,,352.0,,,,,,,,,,,,0.744,11.9,,,basketball-reference
2025-26,Regular Season,,Payton Pritchard,,,,11.0,,,,352.0,,,,,,,,,,,,0.535,21.2,,,basketball-reference
2025-26,Regular Season,,DeMar DeRozan,,,,10.0,,,,352.0,,,,,,,,,,,,0.59,22.4,,,basketball-reference
2025-26,Regular Season,,Jaylen Brown,,,,11.0,,,,350.0,,,,,,,,,,,,0.61,35.5,,,basketball-reference
2025-26,Regular Season,,Miles Bridges,,,,10.0,,,,350.0,,,,,,,,,,,,0.583,24.1,,,basketball-reference
2025-26,Regular Season,,Jaden McDaniels,,,,11.0,,,,349.0,,,,,,,,,,,,0.656,21.3,,,basketball-reference
2025-26,Regular Season,,Ryan Rollins,,,,11.0,,,,342.0,,,,,,,,,,,,0.625,21.4,,,basketball-reference
2025-26,Regular Season,,Victor Wembanyama,,,,10.0,,,,342.0,,,,,,,,,,,,0.609,30.3,,,basketball-reference
2025-26,Regular Season,,Deni Avdija,,,,10.0,,,,339.0,,,,,,,,,,,,0.622,27.8,,,basketball-reference
2025-26,Regular Season,,Keyonte George,,,,10.0,,,,339.0,,,,,,,,,,,,0.598,26.7,,,basketball-reference
2025-26,Regular Season,,Royce O'Neale,,,,11.0,,,,338.0,,,,,,,,,,,,0.65,15.6,,,basketball-reference
2025-26,Regular Season,,Donovan Mitchell,,,,10.0,,,,338.0,,,,,,,,,,,,0.655,31.3,,,basketball-reference
2025-26,Regular Season,,Desmond Bane,,,,11.0,,,,337.0,,,,,,,,,,,,0.527,22.2,,,basketball-reference
2025-26,Regular Season,,Toumani Camara,,,,10.0,,,,337.0,,,,,,,,,,,,0.506,15.6,,,basketball-reference
2025-26,Regular Season,,Jrue Holiday,,,,10.0,,,,335.0,,,,,,,,,,,,0.551,21.5,,,basketball-reference
2025-26,Regular Season,,Donte DiVincenzo,,,,11.0,,,,334.0,,,,,,,,,,,,0.607,18.0,,,basketball-reference
2025-26,Regular Season,,Stephon Castle,,,,10.0,,,,333.0,,,,,,,,,,,,0.582,25.8,,,basketball-reference
2025-26,Regular Season,,Brandon Ingram,,,,10.0,,,,333.0,,,,,,,,,,,,0.6,25.5,,,basketball-reference
2025-26,Regular Season,,Alperen Şengün,,,,9.0,,,,333.0,,,,,,,,,,,,0.583,25.9,,,basketball-reference
2025-26,Regular Season,,Isaiah Hartenstein,,,,11.0,,,,331.0,,,,,,,,,,,,0.696,16.8,,,basketball-reference
2025-26,Regular Season,,Davion Mitchell,,,,11.0,,,,331.0,,,,,,,,,,,,0.556,14.0,,,basketball-reference
2025-26,Regular Season,,Devin Vassell,,,,10.0,,,,330.0,,,,,,,,,,,,0.531,18.3,,,basketball-reference
2025-26,Regular Season,,Max Christie,,,,11.0,,,,329.0,,,,,,,,,,,,0.643,15.7,,,basketball-reference
2025-26,Regular Season,,Giannis Antetokounmpo,,,,10.0,,,,329.0,,,,,,,,,,,,0.661,36.7,,,basketball-reference
2025-26,Regular Season,,Jaime Jaquez Jr.,,,,11.0,,,,328.0,,,,,,,,,,,,0.631,21.6,,,basketball-reference
2025-26,Regular Season,,RJ Barrett,,,,10.0,,,,326.0,,,,,,,,,,,,0.652,22.8,,,basketball-reference
2025-26,Regular Season,,Scottie Barnes,,,,10.0,,,,325.0,,,,,,,,,,,,0.58,24.6,,,basketball-reference
2025-26,Regular Season,,Jonathan Kuminga,,,,11.0,,,,324.0,,,,,,,,,,,,0.568,23.0,,,basketball-reference
2025-26,Regular Season,,Jake LaRavia,,,,11.0,,,,322.0,,,,,,,,,,,,0.621,15.6,,,basketball-reference
2025-26,Regular Season,,CJ McCollum,,,,11.0,,,,322.0,,,,,,,,,,,,0.534,24.4,,,basketball-reference
2025-26,Regular Season,,Kon Knueppel,,,,10.0,,,,322.0,,,,,,,,,,,,0.613,20.4,,,basketball-reference
2025-26,Regular Season,,Kevin Durant,,,,9.0,,,,322.0,,,,,,,,,,,,0.626,26.4,,,basketball-reference
2025-26,Regular Season,,Brandin Podziemski,,,,11.0,,,,321.0,,,,,,,,,,,,0.56,18.0,,,basketball-reference
2025-26,Regular Season,,Alex Sarr,,,,11.0,,,,321.0,,,,,,,,,,,,0.578,26.3,,,basketball-reference
2025-26,Regular Season,,Myles Turner,,,,11.0,,,,320.0,,,,,,,,,,,,0.544,18.0,,,basketball-reference
2025-26,Regular Season,,Amen Thompson,,,,9.0,,,,320.0,,,,,,,,,,,,0.537,22.1,,,basketball-reference
2025-26,Regular Season,,Jalen Duren,,,,11.0,,,,319.0,,,,,,,,,,,,0.705,22.7,,,basketball-reference
2025-26,Regular Season,,Wendell Carter Jr.,,,,11.0,,,,318.0,,,,,,,,,,,,0.647,17.1,,,basketball-reference
2025-26,Regular Season,,Pascal Siakam,,,,9.0,,,,318.0,,,,,,,,,,,,0.507,30.4,,,basketball-reference
2025-26,Regular Season,,Onyeka Okongwu,,,,11.0,,,,317.0,,,,,,,,,,,,0.552,18.7,,,basketball-reference
2025-26,Regular Season,,Zach LaVine,,,,9.0,,,,317.0,,,,,,,,,,,,0.678,24.5,,,basketball-reference
2025-26,Regular Season,,Jaren Jackson Jr.,,,,11.0,,,,316.0,,,,,,,,,,,,0.624,22.2,,,basketball-reference
2025-26,Regular Season,,Dennis Schröder,,,,10.0,,,,316.0,,,,,,,,,,,,0.478,20.6,,,basketball-reference
2025-26,Regular Season,,Immanuel Quickley,,,,10.0,,,,315.0,,,,,,,,,,,,0.541,20.0,,,basketball-reference
2025-26,Regular Season,,James Harden,,,,9.0,,,,314.0,,,,,,,,,,,,0.643,28.6,,,basketball-reference
2025-26,Regular Season,,Nikola Vučević,,,,10.0,,,,313.0,,,,,,,,,,,,0.624,20.8,,,basketball-reference
2025-26,Regular Season,,Quentin Grimes,,,,10.0,,,,310.0,,,,,,,,,,,,0.632,22.2,,,basketball-reference
2025-26,Regular Season,,Bub Carrington,,,,11.0,,,,309.0,,,,,,,,,,,,0.451,14.5,,,basketball-reference
2025-26,Regular Season,,Gary Trent Jr.,,,,11.0,,,,309.0,,,,,,,,,,,,0.544,16.1,,,basketball-reference
2025-26,Regular Season,,Jimmy Butler,,,,10.0,,,,309.0,,,,,,,,,,,,0.631,22.6,,,basketball-reference
2025-26,Regular Season,,Ajay Mitchell,,,,11.0,,,,308.0,,,,,,,,,,,,0.575,25.6,,,basketball-reference
2025-26,Regular Season,,Mikal Bridges,,,,9.0,,,,308.0,,,,,,,,,,,,0.692,15.1,,,basketball-reference
2025-26,Regular Season,,Josh Giddey,,,,9.0,,,,307.0,,,,,,,,,,,,0.56,27.7,,,basketball-reference
2025-26,Regular Season,,Ja Morant,,,,10.0,,,,306.0,,,,,,,,,,,,0.468,32.7,,,basketball-reference
2025-26,Regular Season,,Nikola Jokić,,,,9.0,,,,306.0,,,,,,,,,,,,0.733,25.2,,,basketball-reference
2025-26,Regular Season,,Deandre Ayton,,,,10.0,,,,305.0,,,,,,,,,,,,0.677,20.5,,,basketball-reference
2025-26,Regular Season,,A.J. Green,,,,11.0,,,,304.0,,,,,,,,,,,,0.72,13.1,,,basketball-reference
2025-26,Regular Season,,Kyshawn George,,,,10.0,,,,304.0,,,,,,,,,,,,0.633,21.2,,,basketball-reference
2025-26,Regular Season,,Cason Wallace,,,,10.0,,,,303.0,,,,,,,,,,,,0.561,13.1,,,basketball-reference
2025-26,Regular Season,,Harrison Barnes,,,,10.0,,,,302.0,,,,,,,,,,,,0.758,13.2,,,basketball-reference
2025-26,Regular Season,,Jarace Walker,,,,10.0,,,,301.0,,,,,,,,,,,,0.434,19.9,,,basketball-reference
2025-26,Regular Season,,Herbert Jones,,,,10.0,,,,300.0,,,,,,,,,,,,0.568,14.8,,,basketball-reference
2025-26,Regular Season,,Jalen Brunson,,,,9.0,,,,300.0,,,,,,,,,,,,0.579,32.1,,,basketball-reference
2025-26,Regular Season,,OG Anunoby,,,,9.0,,,,299.0,,,,,,,,,,,,0.625,20.1,,,basketball-reference
2025-26,Regular Season,,Tre Jones,,,,10.0,,,,298.0,,,,,,,,,,,,0.612,17.8,,,basketball-reference
2025-26,Regular Season,,Ivica Zubac,,,,10.0,,,,296.0,,,,,,,,,,,,0.638,20.7,,,basketball-reference
2025-26,Regular Season,,Anthony Black,,,,11.0,,,,294.0,,,,,,,,,,,,0.544,18.9,,,basketball-reference
2025-26,Regular Season,,Austin Reaves,,,,8.0,,,,294.0,,,,,,,,,,,,0.642,31.2,,,basketball-reference
2025-26,Regular Season,,Cedric Coward,,,,11.0,,,,293.0,,,,,,,,,,,,0.68,18.5,,,basketball-reference
2025-26,Regular Season,,Karl-Anthony Towns,,,,9.0,,,,293.0,,,,,,,,,,,,0.586,26.0,,,basketball-reference
2025-26,Regular Season,,Ausar Thompson,,,,10.0,,,,291.0,,,,,,,,,,,,0.526,20.4,,,basketball-reference
2025-26,Regular Season,,Jalen Johnson,,,,9.0,,,,291.0,,,,,,,,,,,,0.621,24.7,,,basketball-reference
2025-26,Regular Season,,Julian Champagnie,,,,10.0,,,,288.0,,,,,,,,,,,,0.563,14.6,,,basketball-reference
2025-26,Regular Season,,Jerami Grant,,,,10.0,,,,287.0,,,,,,,,,,,,0.655,23.1,,,basketball-reference
2025-26,Regular Season,,Draymond Green,,,,10.0,,,,287.0,,,,,,,,,,,,0.611,14.5,,,basketball-reference
2025-26,Regular Season,,Jaylon Tyson,,,,11.0,,,,284.0,,,,,,,,,,,,0.637,15.2,,,basketball-reference
2025-26,Regular Season,,Michael Porter Jr.,,,,9.0,,,,284.0,,,,,,,,,,,,0.591,29.5,,,basketball-reference
2025-26,Regular Season,,Anfernee Simons,,,,11.0,,,,283.0,,,,,,,,,,,,0.581,23.1,,,basketball-reference
2025-26,Regular Season,,Aaron Nesmith,,,,9.0,,,,283.0,,,,,,,,,,,,0.516,20.8,,,basketball-reference
2025-26,Regular Season,,Tre Johnson,,,,11.0,,,,282.0,,,,,,,,,,,,0.552,19.9,,,basketball-reference
2025-26,Regular Season,,Nic Claxton,,,,10.0,,,,282.0,,,,,,,,,,,,0.657,18.4,,,basketball-reference
2025-26,Regular Season,,Matas Buzelis,,,,10.0,,,,281.0,,,,,,,,,,,,0.596,20.9,,,basketball-reference
2025-26,Regular Season,,Russell Westbrook,,,,10.0,,,,280.0,,,,,,,,,,,,0.583,23.7,,,basketball-reference
2025-26,Regular Season,,Christian Braun,,,,9.0,,,,280.0,,,,,,,,,,,,0.54,16.9,,,basketball-reference
2025-26,Regular Season,,Santi Aldama,,,,11.0,,,,279.0,,,,,,,,,,,,0.515,21.6,,,basketball-reference
2025-26,Regular Season,,Nickeil Alexander-Walker,,,,9.0,,,,278.0,,,,,,,,,,,,0.57,24.6,,,basketball-reference
2025-26,Regular Season,,Jaylen Wells,,,,11.0,,,,276.0,,,,,,,,,,,,0.448,18.5,,,basketball-reference
2025-26,Regular Season,,Jock Landale,,,,11.0,,,,272.0,,,,,,,,,,,,0.688,15.1,,,basketball-reference
2025-26,Regular Season,,Svi Mykhailiuk,,,,10.0,,,,272.0,,,,,,,,,,,,0.58,13.2,,,basketball-reference
2025-26,Regular Season,,Shaedon Sharpe,,,,10.0,,,,271.0,,,,,,,,,,,,0.516,31.9,,,basketball-reference
2025-26,Regular Season,,Kentavious Caldwell-Pope,,,,11.0,,,,270.0,,,,,,,,,,,,0.493,17.9,,,basketball-reference
2025-26,Regular Season,,Naji Marshall,,,,11.0,,,,270.0,,,,,,,,,,,,0.589,16.1,,,basketball-reference
2025-26,Regular Season,,Ryan Dunn,,,,11.0,,,,268.0,,,,,,,,,,,,0.564,15.5,,,basketball-reference
2025-26,Regular Season,,Ben Sheppard,,,,10.0,,,,267.0,,,,,,,,,,,,0.415,14.1,,,basketball-reference
2025-26,Regular Season,,Ryan Kalkbrenner,,,,10.0,,,,266.0,,,,,,,,,,,,0.816,11.9,,,basketball-reference
2025-26,Regular Season,,Jamal Murray,,,,8.0,,,,265.0,,,,,,,,,,,,0.598,26.9,,,basketball-reference
2025-26,Regular Season,,Jeremiah Fears,,,,10.0,,,,264.0,,,,,,,,,,,,0.511,25.6,,,basketball-reference
2025-26,Regular Season,,Collin Gillespie,,,,11.0,,,,263.0,,,,,,,,,,,,0.545,18.7,,,basketball-reference
2025-26,Regular Season,,Terance Mann,,,,10.0,,,,263.0,,,,,,,,,,,,0.6,14.2,,,basketball-reference
2025-26,Regular Season,,Jabari Smith Jr.,,,,8.0,,,,263.0,,,,,,,,,,,,0.564,17.0,,,basketball-reference
2025-26,Regular Season,,Neemias Queta,,,,11.0,,,,262.0,,,,,,,,,,,,0.642,13.8,,,basketball-reference
2025-26,Regular Season,,Kris Dunn,,,,10.0,,,,260.0,,,,,,,,,,,,0.613,13.0,,,basketball-reference
2025-26,Regular Season,,Kevin Huerter,,,,10.0,,,,260.0,,,,,,,,,,,,0.621,21.0,,,basketball-reference
2025-26,Regular Season,,Luka Dončić,,,,7.0,,,,260.0,,,,,,,,,,,,0.628,38.6,,,basketball-reference
2025-26,Regular Season,,Naz Reid,,,,11.0,,,,259.0,,,,,,,,,,,,0.52,21.2,,,basketball-reference
2025-26,Regular Season,,Marcus Smart,,,,9.0,,,,259.0,,,,,,,,,,,,0.574,16.6,,,basketball-reference
2025-26,Regular Season,,Saddiq Bey,,,,10.0,,,,257.0,,,,,,,,,,,,0.564,17.4,,,basketball-reference
2025-26,Regular Season,,Ron Holland,,,,11.0,,,,256.0,,,,,,,,,,,,0.524,18.4,,,basketball-reference
2025-26,Regular Season,,John Collins,,,,10.0,,,,253.0,,,,,,,,,,,,0.617,22.0,,,basketball-reference
2025-26,Regular Season,,Derrick Jones Jr.,,,,10.0,,,,253.0,,,,,,,,,,,,0.694,14.5,,,basketball-reference
2025-26,Regular Season,,Sion James,,,,10.0,,,,252.0,,,,,,,,,,,,0.775,10.9,,,basketball-reference
2025-26,Regular Season,,Mark Williams,,,,10.0,,,,251.0,,,,,,,,,,,,0.638,16.8,,,basketball-reference
2025-26,Regular Season,,Sam Hauser,,,,11.0,,,,250.0,,,,,,,,,,,,0.508,15.3,,,basketball-reference
2025-26,Regular Season,,Kyle Kuzma,,,,10.0,,,,250.0,,,,,,,,,,,,0.649,20.2,,,basketball-reference
2025-26,Regular Season,,Kel'el Ware,,,,11.0,,,,249.0,,,,,,,,,,,,0.569,18.1,,,basketball-reference
2025-26,Regular Season,,Stephen Curry,,,,8.0,,,,249.0,,,,,,,,,,,,0.626,33.2,,,basketball-reference
2025-26,Regular Season,,Nikola Jović,,,,11.0,,,,248.0,,,,,,,,,,,,0.57,19.7,,,basketball-reference
2025-26,Regular Season,,Aaron Wiggins,,,,9.0,,,,248.0,,,,,,,,,,,,0.578,21.6,,,basketball-reference
2025-26,Regular Season,,Norman Powell,,,,8.0,,,,248.0,,,,,,,,,,,,0.644,28.2,,,basketball-reference
2025-26,Regular Season,,Donovan Clingan,,,,10.0,,,,247.0,,,,,,,,,,,,0.56,12.2,,,basketball-reference
2025-26,Regular Season,,Bam Adebayo,,,,8.0,,,,243.0,,,,,,,,,,,,0.569,26.3,,,basketball-reference
2025-26,Regular Season,,Cameron Johnson,,,,9.0,,,,239.0,,,,,,,,,,,,0.479,14.1,,,basketball-reference
2025-26,Regular Season,,Isaac Okoro,,,,10.0,,,,238.0,,,,,,,,,,,,0.559,14.7,,,basketball-reference
2025-26,Regular Season,,Domantas Sabonis,,,,7.0,,,,238.0,,,,,,,,,,,,0.537,21.0,,,basketball-reference
2025-26,Regular Season,,Collin Sexton,,,,9.0,,,,237.0,,,,,,,,,,,,0.643,24.4,,,basketball-reference
2025-26,Regular Season,,Jarrett Allen,,,,9.0,,,,236.0,,,,,,,,,,,,0.632,20.7,,,basketball-reference
2025-26,Regular Season,,Aaron Gordon,,,,8.0,,,,236.0,,,,,,,,,,,,0.705,22.7,,,basketball-reference
2025-26,Regular Season,,Keldon Johnson,,,,10.0,,,,235.0,,,,,,,,,,,,0.678,17.3,,,basketball-reference
2025-26,Regular Season,,Noah Clowney,,,,10.0,,,,234.0,,,,,,,,,,,,0.471,17.9,,,basketball-reference
2025-26,Regular Season,,D'Angelo Russell,,,,11.0,,,,232.0,,,,,,,,,,,,0.492,26.9,,,basketball-reference
2025-26,Regular Season,,De'Andre Hunter,,,,8.0,,,,232.0,,,,,,,,,,,,0.561,26.3,,,basketball-reference
2025-26,Regular Season,,Tristan Da Silva,,,,11.0,,,,229.0,,,,,,,,,,,,0.613,19.3,,,basketball-reference
2025-26,Regular Season,,Patrick Williams,,,,10.0,,,,229.0,,,,,,,,,,,,0.603,14.1,,,basketball-reference
2025-26,Regular Season,,Zaccharie Risacher,,,,9.0,,,,229.0,,,,,,,,,,,,0.53,21.2,,,basketball-reference
2025-26,Regular Season,,Pelle Larsson,,,,11.0,,,,227.0,,,,,,,,,,,,0.67,16.1,,,basketball-reference
2025-26,Regular Season,,Bobby Portis,,,,11.0,,,,226.0,,,,,,,,,,,,0.545,20.0,,,basketball-reference
2025-26,Regular Season,,Cam Thomas,,,,8.0,,,,226.0,,,,,,,,,,,,0.546,31.9,,,basketball-reference
2025-26,Regular Season,,Javonte Green,,,,11.0,,,,225.0,,,,,,,,,,,,0.466,13.3,,,basketball-reference
2025-26,Regular Season,,Tari Eason,,,,9.0,,,,224.0,,,,,,,,,,,,0.65,18.0,,,basketball-reference
2025-26,Regular Season,,Mike Conley,,,,11.0,,,,223.0,,,,,,,,,,,,0.653,12.8,,,basketball-reference
2025-26,Regular Season,,Luguentz Dort,,,,7.0,,,,223.0,,,,,,,,,,,,0.428,12.3,,,basketball-reference
2025-26,Regular Season,,Luke Kennard,,,,9.0,,,,222.0,,,,,,,,,,,,0.628,13.9,,,basketball-reference
2025-26,Regular Season,,Josh Minott,,,,10.0,,,,221.0,,,,,,,,,,,,0.578,15.3,,,basketball-reference
2025-26,Regular Season,,Tre Mann,,,,10.0,,,,220.0,,,,,,,,,,,,0.454,26.0,,,basketball-reference
2025-26,Regular Season,,Jarred Vanderbilt,,,,11.0,,,,219.0,,,,,,,,,,,,0.556,12.8,,,basketball-reference
2025-26,Regular Season,,Chet Holmgren,,,,7.0,,,,218.0,,,,,,,,,,,,0.679,22.9,,,basketball-reference
2025-26,Regular Season,,Jusuf Nurkić,,,,10.0,,,,217.0,,,,,,,,,,,,0.402,20.6,,,basketball-reference
2025-26,Regular Season,,Corey Kispert,,,,11.0,,,,213.0,,,,,,,,,,,,0.672,14.8,,,basketball-reference
2025-26,Regular Season,,Dean Wade,,,,10.0,,,,213.0,,,,,,,,,,,,0.534,10.7,,,basketball-reference
2025-26,Regular Season,,Simone Fontecchio,,,,11.0,,,,212.0,,,,,,,,,,,,0.692,19.2,,,basketball-reference
2025-26,Regular Season,,Jordan Poole,,,,7.0,,,,212.0,,,,,,,,,,,,0.535,25.5,,,basketball-reference
2025-26,Regular Season,,Tyrese Martin,,,,10.0,,,,211.0,,,,,,,,,,,,0.441,18.1,,,basketball-reference
2025-26,Regular Season,,Lonzo Ball,,,,9.0,,,,211.0,,,,,,,,,,,,0.424,13.9,,,basketball-reference
2025-26,Regular Season,,Moussa Diabaté,,,,10.0,,,,209.0,,,,,,,,,,,,0.685,15.8,,,basketball-reference
2025-26,Regular Season,,Kristaps Porziņģis,,,,8.0,,,,209.0,,,,,,,,,,,,0.579,26.8,,,basketball-reference
2025-26,Regular Season,,Sam Merrill,,,,8.0,,,,208.0,,,,,,,,,,,,0.724,17.1,,,basketball-reference
2025-26,Regular Season,,Isaiah Stewart,,,,9.0,,,,207.0,,,,,,,,,,,,0.58,17.8,,,basketball-reference
2025-26,Regular Season,,Ayo Dosunmu,,,,8.0,,,,207.0,,,,,,,,,,,,0.676,19.5,,,basketball-reference
2025-26,Regular Season,,Tim Hardaway Jr.,,,,9.0,,,,206.0,,,,,,,,,,,,0.652,16.8,,,basketball-reference
2025-26,Regular Season,,Moses Moody,,,,9.0,,,,206.0,,,,,,,,,,,,0.611,20.2,,,basketball-reference
2025-26,Regular Season,,Josh Okogie,,,,9.0,,,,203.0,,,,,,,,,,,,0.703,12.4,,,basketball-reference
2025-26,Regular Season,,Cole Anthony,,,,10.0,,,,201.0,,,,,,,,,,,,0.537,25.2,,,basketball-reference
2025-26,Regular Season,,Kawhi Leonard,,,,6.0,,,,201.0,,,,,,,,,,,,0.625,28.3,,,basketball-reference
2025-26,Regular Season,,LaMelo Ball,,,,6.0,,,,200.0,,,,,,,,,,,,0.556,30.7,,,basketball-reference
2025-26,Regular Season,,Kyle Filipowski,,,,10.0,,,,199.0,,,,,,,,,,,,0.473,17.6,,,basketball-reference
2025-26,Regular Season,,Anthony Edwards,,,,7.0,,,,199.0,,,,,,,,,,,,0.659,34.4,,,basketball-reference
2025-26,Regular Season,,Jaylin Williams,,,,11.0,,,,198.0,,,,,,,,,,,,0.435,14.6,,,basketball-reference
2025-26,Regular Season,,Derik Queen,,,,10.0,,,,198.0,,,,,,,,,,,,0.528,22.6,,,basketball-reference
2025-26,Regular Season,,Khris Middleton,,,,8.0,,,,198.0,,,,,,,,,,,,0.533,17.9,,,basketball-reference
2025-26,Regular Season,,Klay Thompson,,,,10.0,,,,197.0,,,,,,,,,,,,0.422,21.0,,,basketball-reference
2025-26,Regular Season,,Kris Murray,,,,9.0,,,,197.0,,,,,,,,,,,,0.504,10.5,,,basketball-reference
2025-26,Regular Season,,Reed Sheppard,,,,9.0,,,,196.0,,,,,,,,,,,,0.611,20.0,,,basketball-reference
2025-26,Regular Season,,Malik Monk,,,,8.0,,,,195.0,,,,,,,,,,,,0.659,20.7,,,basketball-reference
2025-26,Regular Season,,Cam Spencer,,,,11.0,,,,194.0,,,,,,,,,,,,0.658,19.3,,,basketball-reference
2025-26,Regular Season,,Ace Bailey,,,,10.0,,,,193.0,,,,,,,,,,,,0.43,18.4,,,basketball-reference
2025-26,Regular Season,,Tobias Harris,,,,6.0,,,,193.0,,,,,,,,,,,,0.513,18.3,,,basketball-reference
2025-26,Regular Season,,Buddy Hield,,,,11.0,,,,191.0,,,,,,,,,,,,0.57,18.8,,,basketball-reference
2025-26,Regular Season,,Peyton Watson,,,,9.0,,,,191.0,,,,,,,,,,,,0.589,14.2,,,basketball-reference
2025-26,Regular Season,,Josh Hart,,,,8.0,,,,190.0,,,,,,,,,,,,0.568,15.2,,,basketball-reference
2025-26,Regular Season,,Dru Smith,,,,11.0,,,,188.0,,,,,,,,,,,,0.588,14.6,,,basketball-reference
2025-26,Regular Season,,Goga Bitadze,,,,11.0,,,,187.0,,,,,,,,,,,,0.726,10.5,,,basketball-reference
2025-26,Regular Season,,Mouhamed Gueye,,,,11.0,,,,186.0,,,,,,,,,,,,0.627,16.0,,,basketball-reference
2025-26,Regular Season,,Bruce Brown,,,,9.0,,,,185.0,,,,,,,,,,,,0.538,14.3,,,basketball-reference
2025-26,Regular Season,,Isaiah Jackson,,,,10.0,,,,184.0,,,,,,,,,,,,0.579,17.5,,,basketball-reference
2025-26,Regular Season,,Cam Whitmore,,,,11.0,,,,183.0,,,,,,,,,,,,0.535,23.2,,,basketball-reference
2025-26,Regular Season,,Dalton Knecht,,,,10.0,,,,182.0,,,,,,,,,,,,0.514,17.5,,,basketball-reference
2025-26,Regular Season,,Egor Demin,,,,9.0,,,,181.0,,,,,,,,,,,,0.531,15.4,,,basketball-reference
2025-26,Regular Season,,Keon Ellis,,,,10.0,,,,180.0,,,,,,,,,,,,0.609,13.4,,,basketball-reference
2025-26,Regular Season,,Sandro Mamukelashvili,,,,10.0,,,,178.0,,,,,,,,,,,,0.705,17.4,,,basketball-reference
2025-26,Regular Season,,Oso Ighodaro,,,,11.0,,,,177.0,,,,,,,,,,,,0.466,13.7,,,basketball-reference
2025-26,Regular Season,,Steven Adams,,,,8.0,,,,177.0,,,,,,,,,,,,0.684,11.3,,,basketball-reference
2025-26,Regular Season,,Quinten Post,,,,11.0,,,,176.0,,,,,,,,,,,,0.612,15.5,,,basketball-reference
2025-26,Regular Season,,Jamal Shead,,,,10.0,,,,174.0,,,,,,,,,,,,0.591,15.7,,,basketball-reference
2025-26,Regular Season,,Craig Porter Jr.,,,,11.0,,,,169.0,,,,,,,,,,,,0.548,12.0,,,basketball-reference
2025-26,Regular Season,,Taurean Prince,,,,8.0,,,,169.0,,,,,,,,,,,,0.623,11.2,,,basketball-reference
2025-26,Regular Season,,Collin Murray-Boyles,,,,8.0,,,,168.0,,,,,,,,,,,,0.558,18.2,,,basketball-reference
2025-26,Regular Season,,Ziaire Williams,,,,8.0,,,,168.0,,,,,,,,,,,,0.593,18.5,,,basketball-reference
2025-26,Regular Season,,Jose Alvarado,,,,9.0,,,,167.0,,,,,,,,,,,,0.628,13.8,,,basketball-reference
2025-26,Regular Season,,Andre Drummond,,,,9.0,,,,167.0,,,,,,,,,,,,0.627,12.9,,,basketball-reference
2025-26,Regular Season,,Walter Clayton,,,,10.0,,,,166.0,,,,,,,,,,,,0.546,16.7,,,basketball-reference
2025-26,Regular Season,,Jalen Suggs,,,,8.0,,,,166.0,,,,,,,,,,,,0.747,22.0,,,basketball-reference
2025-26,Regular Season,,Brandon Williams,,,,9.0,,,,165.0,,,,,,,,,,,,0.528,25.5,,,basketball-reference
2025-26,Regular Season,,Landry Shamet,,,,9.0,,,,163.0,,,,,,,,,,,,0.604,14.4,,,basketball-reference
2025-26,Regular Season,,Nicolas Batum,,,,10.0,,,,162.0,,,,,,,,,,,,0.392,11.5,,,basketball-reference
2025-26,Regular Season,,Miles McBride,,,,7.0,,,,162.0,,,,,,,,,,,,0.531,15.2,,,basketball-reference
2025-26,Regular Season,,Marvin Bagley III,,,,11.0,,,,161.0,,,,,,,,,,,,0.693,17.7,,,basketball-reference
2025-26,Regular Season,,Jalen Smith,,,,10.0,,,,160.0,,,,,,,,,,,,0.618,24.1,,,basketball-reference
2025-26,Regular Season,,Brook Lopez,,,,10.0,,,,159.0,,,,,,,,,,,,0.541,21.7,,,basketball-reference
2025-26,Regular Season,,Day'Ron Sharpe,,,,10.0,,,,159.0,,,,,,,,,,,,0.698,18.4,,,basketball-reference
2025-26,Regular Season,,Drew Eubanks,,,,10.0,,,,158.0,,,,,,,,,,,,0.603,17.1,,,basketball-reference
2025-26,Regular Season,,Keaton Wallace,,,,10.0,,,,158.0,,,,,,,,,,,,0.623,13.3,,,basketball-reference
2025-26,Regular Season,,Trendon Watford,,,,7.0,,,,158.0,,,,,,,,,,,,0.67,16.2,,,basketball-reference
2025-26,Regular Season,,Zion Williamson,,,,5.0,,,,157.0,,,,,,,,,,,,0.553,32.3,,,basketball-reference
2025-26,Regular Season,,Jalen Wilson,,,,9.0,,,,156.0,,,,,,,,,,,,0.552,15.7,,,basketball-reference
2025-26,Regular Season,,Gradey Dick,,,,10.0,,,,155.0,,,,,,,,,,,,0.578,18.8,,,basketball-reference
2025-26,Regular Season,,Will Richard,,,,9.0,,,,155.0,,,,,,,,,,,,0.738,18.3,,,basketball-reference
2025-26,Regular Season,,Walker Kessler,,,,5.0,,,,154.0,,,,,,,,,,,,0.786,16.3,,,basketball-reference
2025-26,Regular Season,,Adem Bona,,,,10.0,,,,153.0,,,,,,,,,,,,0.475,8.1,,,basketball-reference
2025-26,Regular Season,,RayJ Dennis,,,,9.0,,,,153.0,,,,,,,,,,,,0.397,21.0,,,basketball-reference
2025-26,Regular Season,,Jay Huff,,,,10.0,,,,152.0,,,,,,,,,,,,0.505,16.5,,,basketball-reference
2025-26,Regular Season,,Larry Nance Jr.,,,,9.0,,,,150.0,,,,,,,,,,,,0.416,14.7,,,basketball-reference
2025-26,Regular Season,,Al Horford,,,,7.0,,,,150.0,,,,,,,,,,,,0.453,15.3,,,basketball-reference
2025-26,Regular Season,,Alex Caruso,,,,7.0,,,,149.0,,,,,,,,,,,,0.48,13.5,,,basketball-reference
2025-26,Regular Season,,Anthony Davis,,,,5.0,,,,149.0,,,,,,,,,,,,0.587,28.0,,,basketball-reference
2025-26,Regular Season,,Taylor Hendricks,,,,9.0,,,,148.0,,,,,,,,,,,,0.46,13.4,,,basketball-reference
2025-26,Regular Season,,Jordan Clarkson,,,,9.0,,,,147.0,,,,,,,,,,,,0.571,22.6,,,basketball-reference
2025-26,Regular Season,,Isaiah Joe,,,,6.0,,,,147.0,,,,,,,,,,,,0.638,22.4,,,basketball-reference
2025-26,Regular Season,,Jaylen Clark,,,,9.0,,,,145.0,,,,,,,,,,,,0.583,13.1,,,basketball-reference
2025-26,Regular Season,,Dillon Brooks,,,,5.0,,,,145.0,,,,,,,,,,,,0.525,28.5,,,basketball-reference
2025-26,Regular Season,,Jaxson Hayes,,,,8.0,,,,142.0,,,,,,,,,,,,0.698,10.0,,,basketball-reference
2025-26,Regular Season,,Joel Embiid,,,,6.0,,,,140.0,,,,,,,,,,,,0.576,34.6,,,basketball-reference
2025-26,Regular Season,,Dylan Harper,,,,6.0,,,,140.0,,,,,,,,,,,,0.584,25.2,,,basketball-reference
2025-26,Regular Season,,Trae Young,,,,5.0,,,,139.0,,,,,,,,,,,,0.511,29.6,,,basketball-reference
2025-26,Regular Season,,Tyus Jones,,,,11.0,,,,137.0,,,,,,,,,,,,0.37,9.7,,,basketball-reference
2025-26,Regular Season,,Jakob Poeltl,,,,6.0,,,,137.0,,,,,,,,,,,,0.622,14.4,,,basketball-reference
2025-26,Regular Season,,Vit Krejci,,,,7.0,,,,136.0,,,,,,,,,,,,0.671,18.2,,,basketball-reference
2025-26,Regular Season,,Caris LeVert,,,,7.0,,,,136.0,,,,,,,,,,,,0.566,17.5,,,basketball-reference
2025-26,Regular Season,,Jordan Hawkins,,,,9.0,,,,135.0,,,,,,,,,,,,0.346,16.3,,,basketball-reference
2025-26,Regular Season,,Luka Garza,,,,10.0,,,,134.0,,,,,,,,,,,,0.621,16.6,,,basketball-reference
2025-26,Regular Season,,Jabari Walker,,,,10.0,,,,134.0,,,,,,,,,,,,0.51,12.3,,,basketball-reference
2025-26,Regular Season,,Tony Bradley,,,,10.0,,,,131.0,,,,,,,,,,,,0.64,13.4,,,basketball-reference
2025-26,Regular Season,,Nique Clifford,,,,6.0,,,,130.0,,,,,,,,,,,,0.474,12.5,,,basketball-reference
2025-26,Regular Season,,Ochai Agbaji,,,,9.0,,,,125.0,,,,,,,,,,,,0.421,10.6,,,basketball-reference
2025-26,Regular Season,,Hugo González,,,,9.0,,,,123.0,,,,,,,,,,,,0.51,10.9,,,basketball-reference
2025-26,Regular Season,,Bradley Beal,,,,6.0,,,,121.0,,,,,,,,,,,,0.476,22.2,,,basketball-reference
2025-26,Regular Season,,Daniel Gafford,,,,6.0,,,,121.0,,,,,,,,,,,,0.664,15.0,,,basketball-reference
2025-26,Regular Season,,Jordan Goodwin,,,,8.0,,,,119.0,,,,,,,,,,,,0.461,17.7,,,basketball-reference
2025-26,Regular Season,,Brice Sensabaugh,,,,9.0,,,,118.0,,,,,,,,,,,,0.56,23.0,,,basketball-reference
2025-26,Regular Season,,Yves Missi,,,,5.0,,,,116.0,,,,,,,,,,,,0.671,13.5,,,basketball-reference
2025-26,Regular Season,,Terrence Shannon Jr.,,,,7.0,,,,115.0,,,,,,,,,,,,0.434,13.8,,,basketball-reference
2025-26,Regular Season,,John Konchar,,,,9.0,,,,114.0,,,,,,,,,,,,0.786,8.2,,,basketball-reference
2025-26,Regular Season,,Amir Coffey,,,,11.0,,,,113.0,,,,,,,,,,,,0.49,6.5,,,basketball-reference
2025-26,Regular Season,,Jonas Valančiūnas,,,,9.0,,,,113.0,,,,,,,,,,,,0.62,27.4,,,basketball-reference
2025-26,Regular Season,,Rob Dillingham,,,,9.0,,,,107.0,,,,,,,,,,,,0.472,25.1,,,basketball-reference
2025-26,Regular Season,,Nick Richards,,,,11.0,,,,106.0,,,,,,,,,,,,0.632,18.0,,,basketball-reference
2025-26,Regular Season,,Jaden Hardy,,,,10.0,,,,105.0,,,,,,,,,,,,0.512,20.7,,,basketball-reference
2025-26,Regular Season,,Tyrese Proctor,,,,9.0,,,,104.0,,,,,,,,,,,,0.523,17.6,,,basketball-reference
2025-26,Regular Season,,Chris Paul,,,,8.0,,,,103.0,,,,,,,,,,,,0.354,14.0,,,basketball-reference
2025-26,Regular Season,,Quenton Jackson,,,,5.0,,,,101.0,,,,,,,,,,,,0.657,20.2,,,basketball-reference
2025-26,Regular Season,,Bones Hyland,,,,10.0,,,,100.0,,,,,,,,,,,,0.639,19.1,,,basketball-reference
2025-26,Regular Season,,Liam McNeeley,,,,8.0,,,,100.0,,,,,,,,,,,,0.521,14.8,,,basketball-reference
2025-26,Regular Season,,Javon Small,,,,8.0,,,,99.0,,,,,,,,,,,,0.525,16.9,,,basketball-reference
2025-26,Regular Season,,Blake Wesley,,,,6.0,,,,98.0,,,,,,,,,,,,0.469,18.1,,,basketball-reference
2025-26,Regular Season,,Vince Williams Jr.,,,,6.0,,,,98.0,,,,,,,,,,,,0.567,17.6,,,basketball-reference
2025-26,Regular Season,,Dwight Powell,,,,10.0,,,,96.0,,,,,,,,,,,,0.693,10.7,,,basketball-reference
2025-26,Regular Season,,Bilal Coulibaly,,,,4.0,,,,95.0,,,,,,,,,,,,0.48,23.2,,,basketball-reference
2025-26,Regular Season,,Ben Saraf,,,,6.0,,,,94.0,,,,,,,,,,,,0.356,17.1,,,basketball-reference
2025-26,Regular Season,,Justin Edwards,,,,8.0,,,,92.0,,,,,,,,,,,,0.516,15.1,,,basketball-reference
2025-26,Regular Season,,Jordan Walsh,,,,7.0,,,,92.0,,,,,,,,,,,,0.625,10.2,,,basketball-reference
2025-26,Regular Season,,Justin Champagnie,,,,10.0,,,,91.0,,,,,,,,,,,,0.507,13.4,,,basketball-reference
2025-26,Regular Season,,Bogdan Bogdanović,,,,4.0,,,,91.0,,,,,,,,,,,,0.438,17.3,,,basketball-reference
2025-26,Regular Season,,Clint Capela,,,,9.0,,,,89.0,,,,,,,,,,,,0.709,13.7,,,basketball-reference
2025-26,Regular Season,,Bronny James,,,,7.0,,,,89.0,,,,,,,,,,,,0.431,12.5,,,basketball-reference
2025-26,Regular Season,,Jeremiah Robinson-Earl,,,,5.0,,,,87.0,,,,,,,,,,,,0.392,16.2,,,basketball-reference
2025-26,Regular Season,,Nick Smith Jr.,,,,5.0,,,,87.0,,,,,,,,,,,,0.537,22.8,,,basketball-reference
2025-26,Regular Season,,Cam Christie,,,,7.0,,,,86.0,,,,,,,,,,,,0.588,19.0,,,basketball-reference
2025-26,Regular Season,,Nigel Hayes-Davis,,,,10.0,,,,85.0,,,,,,,,,,,,0.5,11.4,,,basketball-reference
2025-26,Regular Season,,Paul Reed,,,,9.0,,,,85.0,,,,,,,,,,,,0.65,17.5,,,basketball-reference
2025-26,Regular Season,,Tidjane Salaün,,,,7.0,,,,83.0,,,,,,,,,,,,0.508,12.3,,,basketball-reference
2025-26,Regular Season,,Pat Spencer,,,,7.0,,,,83.0,,,,,,,,,,,,0.42,19.8,,,basketball-reference
2025-26,Regular Season,,Jonathan Isaac,,,,10.0,,,,82.0,,,,,,,,,,,,0.489,14.0,,,basketball-reference
2025-26,Regular Season,,Caleb Martin,,,,9.0,,,,82.0,,,,,,,,,,,,0.394,10.6,,,basketball-reference
2025-26,Regular Season,,Obi Toppin,,,,3.0,,,,82.0,,,,,,,,,,,,0.526,22.5,,,basketball-reference
2025-26,Regular Season,,Ousmane Dieng,,,,8.0,,,,81.0,,,,,,,,,,,,0.302,11.7,,,basketball-reference
2025-26,Regular Season,,Daniss Jenkins,,,,6.0,,,,81.0,,,,,,,,,,,,0.612,19.8,,,basketball-reference
2025-26,Regular Season,,Gary Payton II,,,,10.0,,,,80.0,,,,,,,,,,,,0.525,13.3,,,basketball-reference
2025-26,Regular Season,,Kevon Looney,,,,5.0,,,,80.0,,,,,,,,,,,,0.381,14.6,,,basketball-reference
2025-26,Regular Season,,Andrew Nembhard,,,,3.0,,,,80.0,,,,,,,,,,,,0.432,26.7,,,basketball-reference
2025-26,Regular Season,,Guerschon Yabusele,,,,8.0,,,,79.0,,,,,,,,,,,,0.357,14.9,,,basketball-reference
2025-26,Regular Season,,Ja'Kobe Walter,,,,7.0,,,,77.0,,,,,,,,,,,,0.428,14.8,,,basketball-reference
2025-26,Regular Season,,Moussa Cisse,,,,7.0,,,,75.0,,,,,,,,,,,,0.637,14.8,,,basketball-reference
2025-26,Regular Season,,Jordan McLaughlin,,,,8.0,,,,74.0,,,,,,,,,,,,0.553,15.7,,,basketball-reference
2025-26,Regular Season,,Trayce Jackson-Davis,,,,7.0,,,,74.0,,,,,,,,,,,,0.575,15.6,,,basketball-reference
2025-26,Regular Season,,Darius Garland,,,,3.0,,,,73.0,,,,,,,,,,,,0.493,24.7,,,basketball-reference
2025-26,Regular Season,,Bennedict Mathurin,,,,2.0,,,,73.0,,,,,,,,,,,,0.73,26.1,,,basketball-reference
2025-26,Regular Season,,Gabe Vincent,,,,3.0,,,,72.0,,,,,,,,,,,,0.384,9.7,,,basketball-reference
2025-26,Regular Season,,Baylor Scheierman,,,,8.0,,,,70.0,,,,,,,,,,,,0.804,8.2,,,basketball-reference
2025-26,Regular Season,,Micah Peavy,,,,6.0,,,,70.0,,,,,,,,,,,,0.302,13.2,,,basketball-reference
2025-26,Regular Season,,Luke Kornet,,,,3.0,,,,70.0,,,,,,,,,,,,0.714,14.2,,,basketball-reference
2025-26,Regular Season,,Karlo Matković,,,,8.0,,,,68.0,,,,,,,,,,,,0.679,17.7,,,basketball-reference
2025-26,Regular Season,,Jeremy Sochan,,,,4.0,,,,68.0,,,,,,,,,,,,0.627,16.0,,,basketball-reference
2025-26,Regular Season,,De'Aaron Fox,,,,2.0,,,,67.0,,,,,,,,,,,,0.704,25.4,,,basketball-reference
2025-26,Regular Season,,Mitchell Robinson,,,,4.0,,,,66.0,,,,,,,,,,,,0.648,10.9,,,basketball-reference
2025-26,Regular Season,,Tyler Kolek,,,,9.0,,,,65.0,,,,,,,,,,,,0.457,18.4,,,basketball-reference
2025-26,Regular Season,,Taelon Peter,,,,7.0,,,,65.0,,,,,,,,,,,,0.392,12.5,,,basketball-reference
2025-26,Regular Season,,Kevin Love,,,,5.0,,,,65.0,,,,,,,,,,,,0.571,14.7,,,basketball-reference
2025-26,Regular Season,,Chris Boucher,,,,6.0,,,,64.0,,,,,,,,,,,,0.377,13.9,,,basketball-reference
2025-26,Regular Season,,KJ Simpson,,,,4.0,,,,63.0,,,,,,,,,,,,0.528,19.6,,,basketball-reference
2025-26,Regular Season,,Elijah Harkless,,,,5.0,,,,62.0,,,,,,,,,,,,0.492,10.6,,,basketball-reference
2025-26,Regular Season,,Will Riley,,,,8.0,,,,61.0,,,,,,,,,,,,0.458,14.6,,,basketball-reference
2025-26,Regular Season,,Chaz Lanier,,,,7.0,,,,61.0,,,,,,,,,,,,0.475,14.0,,,basketball-reference
2025-26,Regular Season,,Xavier Tillman Sr.,,,,7.0,,,,61.0,,,,,,,,,,,,0.556,13.2,,,basketball-reference
2025-26,Regular Season,,Drake Powell,,,,4.0,,,,61.0,,,,,,,,,,,,0.699,17.0,,,basketball-reference
2025-26,Regular Season,,Gui Santos,,,,10.0,,,,60.0,,,,,,,,,,,,0.535,14.8,,,basketball-reference
2025-26,Regular Season,,Brooks Barnhizer,,,,9.0,,,,60.0,,,,,,,,,,,,0.444,7.2,,,basketball-reference
2025-26,Regular Season,,Duop Reath,,,,7.0,,,,59.0,,,,,,,,,,,,0.833,12.6,,,basketball-reference
2025-26,Regular Season,,Maxime Raynaud,,,,5.0,,,,59.0,,,,,,,,,,,,0.463,16.8,,,basketball-reference
2025-26,Regular Season,,Asa Newell,,,,5.0,,,,58.0,,,,,,,,,,,,0.646,21.4,,,basketball-reference
2025-26,Regular Season,,Julian Phillips,,,,9.0,,,,56.0,,,,,,,,,,,,0.3,12.0,,,basketball-reference
2025-26,Regular Season,,Jamison Battle,,,,8.0,,,,55.0,,,,,,,,,,,,1.0,16.0,,,basketball-reference
2025-26,Regular Season,,Isaiah Livers,,,,6.0,,,,55.0,,,,,,,,,,,,0.547,9.8,,,basketball-reference
2025-26,Regular Season,,Precious Achiuwa,,,,3.0,,,,55.0,,,,,,,,,,,,0.601,14.3,,,basketball-reference
2025-26,Regular Season,,Ariel Hukporti,,,,6.0,,,,54.0,,,,,,,,,,,,0.5,9.9,,,basketball-reference
2025-26,Regular Season,,Kobe Brown,,,,6.0,,,,52.0,,,,,,,,,,,,0.604,10.9,,,basketball-reference
2025-26,Regular Season,,Julian Strawther,,,,6.0,,,,51.0,,,,,,,,,,,,0.523,24.6,,,basketball-reference
2025-26,Regular Season,,Robert Williams,,,,5.0,,,,51.0,,,,,,,,,,,,0.743,8.8,,,basketball-reference
2025-26,Regular Season,,Dereck Lively II,,,,3.0,,,,51.0,,,,,,,,,,,,0.743,12.9,,,basketball-reference
2025-26,Regular Season,,Olivier-Maxence Prosper,,,,8.0,,,,50.0,,,,,,,,,,,,0.766,17.7,,,basketball-reference
2025-26,Regular Season,,Sidy Cissoko,,,,5.0,,,,50.0,,,,,,,,,,,,0.588,8.0,,,basketball-reference
2025-26,Regular Season,,Cody Martin,,,,3.0,,,,50.0,,,,,,,,,,,,0.255,12.6,,,basketball-reference
2025-26,Regular Season,,Dominick Barlow,,,,2.0,,,,50.0,,,,,,,,,,,,0.593,12.8,,,basketball-reference
2025-26,Regular Season,,Chris Youngblood,,,,10.0,,,,49.0,,,,,,,,,,,,0.512,12.9,,,basketball-reference
2025-26,Regular Season,,Jett Howard,,,,7.0,,,,49.0,,,,,,,,,,,,0.4,13.6,,,basketball-reference
2025-26,Regular Season,,Matisse Thybulle,,,,4.0,,,,49.0,,,,,,,,,,,,0.85,10.2,,,basketball-reference
2025-26,Regular Season,,Kyle Anderson,,,,3.0,,,,49.0,,,,,,,,,,,,0.523,19.2,,,basketball-reference
2025-26,Regular Season,,Pat Connaughton,,,,6.0,,,,48.0,,,,,,,,,,,,0.663,15.0,,,basketball-reference
2025-26,Regular Season,,Cody Williams,,,,5.0,,,,48.0,,,,,,,,,,,,0.571,15.2,,,basketball-reference
2025-26,Regular Season,,Carter Bryant,,,,7.0,,,,47.0,,,,,,,,,,,,0.44,20.2,,,basketball-reference
2025-26,Regular Season,,Tristan Vukcevic,,,,8.0,,,,45.0,,,,,,,,,,,,0.536,24.1,,,basketball-reference
2025-26,Regular Season,,Noah Penda,,,,6.0,,,,45.0,,,,,,,,,,,,0.666,13.7,,,basketball-reference
2025-26,Regular Season,,Ryan Nembhard,,,,5.0,,,,45.0,,,,,,,,,,,,0.49,20.8,,,basketball-reference
2025-26,Regular Season,,Bismack Biyombo,,,,5.0,,,,44.0,,,,,,,,,,,,0.5,3.9,,,basketball-reference
2025-26,Regular Season,,Devin Carter,,,,7.0,,,,43.0,,,,,,,,,,,,0.279,14.4,,,basketball-reference
2025-26,Regular Season,,Branden Carlson,,,,7.0,,,,42.0,,,,,,,,,,,,0.563,18.5,,,basketball-reference
2025-26,Regular Season,,Isaiah Collier,,,,2.0,,,,42.0,,,,,,,,,,,,0.609,17.8,,,basketball-reference
2025-26,Regular Season,,Brandon Miller,,,,2.0,,,,40.0,,,,,,,,,,,,0.493,33.6,,,basketball-reference
2025-26,Regular Season,,Spencer Jones,,,,6.0,,,,39.0,,,,,,,,,,,,0.563,13.9,,,basketball-reference
2025-26,Regular Season,,Jalen Pickett,,,,5.0,,,,39.0,,,,,,,,,,,,0.524,14.5,,,basketball-reference
2025-26,Regular Season,,Lindy Waters III,,,,4.0,,,,37.0,,,,,,,,,,,,0.833,10.4,,,basketball-reference
2025-26,Regular Season,,Johnny Furphy,,,,3.0,,,,37.0,,,,,,,,,,,,0.667,9.8,,,basketball-reference
2025-26,Regular Season,,AJ Johnson,,,,7.0,,,,35.0,,,,,,,,,,,,0.298,15.0,,,basketball-reference
2025-26,Regular Season,,Monte Morris,,,,2.0,,,,35.0,,,,,,,,,,,,0.506,12.5,,,basketball-reference
2025-26,Regular Season,,Thomas Bryant,,,,6.0,,,,34.0,,,,,,,,,,,,0.403,18.9,,,basketball-reference
2025-26,Regular Season,,Bobi Klintman,,,,4.0,,,,34.0,,,,,,,,,,,,0.314,20.7,,,basketball-reference
2025-26,Regular Season,,Mac McClung,,,,3.0,,,,34.0,,,,,,,,,,,,0.481,25.7,,,basketball-reference
2025-26,Regular Season,,Jonathan Mogbo,,,,6.0,,,,33.0,,,,,,,,,,,,0.5,8.9,,,basketball-reference
2025-26,Regular Season,,Luke Travers,,,,4.0,,,,33.0,,,,,,,,,,,,0.235,16.9,,,basketball-reference
2025-26,Regular Season,,Dylan Cardwell,,,,3.0,,,,33.0,,,,,,,,,,,,0.363,11.3,,,basketball-reference
2025-26,Regular Season,,Nolan Traoré,,,,3.0,,,,33.0,,,,,,,,,,,,0.354,15.0,,,basketball-reference
2025-26,Regular Season,,Dalen Terry,,,,6.0,,,,31.0,,,,,,,,,,,,0.557,13.3,,,basketball-reference
2025-26,Regular Season,,Malaki Branham,,,,4.0,,,,31.0,,,,,,,,,,,,0.672,18.1,,,basketball-reference
2025-26,Regular Season,,Charles Bassey,,,,2.0,,,,31.0,,,,,,,,,,,,0.376,13.8,,,basketball-reference
2025-26,Regular Season,,Jalen Green,,,,2.0,,,,30.0,,,,,,,,,,,,0.615,38.0,,,basketball-reference
2025-26,Regular Season,,Joan Beringer,,,,7.0,,,,29.0,,,,,,,,,,,,0.806,13.9,,,basketball-reference
2025-26,Regular Season,,Yang Hansen,,,,5.0,,,,29.0,,,,,,,,,,,,0.387,19.8,,,basketball-reference
2025-26,Regular Season,,Rasheer Fleming,,,,6.0,,,,28.0,,,,,,,,,,,,0.417,18.0,,,basketball-reference
2025-26,Regular Season,,Khaman Maluach,,,,6.0,,,,28.0,,,,,,,,,,,,0.646,18.8,,,basketball-reference
2025-26,Regular Season,,Jase Richardson,,,,6.0,,,,28.0,,,,,,,,,,,,0.255,13.2,,,basketball-reference
2025-26,Regular Season,,Dario Šarić,,,,3.0,,,,28.0,,,,,,,,,,,,0.425,10.3,,,basketball-reference
2025-26,Regular Season,,Leonard Miller,,,,6.0,,,,27.0,,,,,,,,,,,,0.678,21.1,,,basketball-reference
2025-26,Regular Season,,Jae'Sean Tate,,,,5.0,,,,27.0,,,,,,,,,,,,0.333,15.3,,,basketball-reference
2025-26,Regular Season,,Aaron Holiday,,,,4.0,,,,26.0,,,,,,,,,,,,0.781,19.6,,,basketball-reference
2025-26,Regular Season,,Caleb Love,,,,3.0,,,,26.0,,,,,,,,,,,,0.333,24.1,,,basketball-reference
2025-26,Regular Season,,Jericho Sims,,,,6.0,,,,25.0,,,,,,,,,,,,0.906,6.4,,,basketball-reference
2025-26,Regular Season,,Rayan Rupert,,,,4.0,,,,25.0,,,,,,,,,,,,0.5,9.4,,,basketball-reference
2025-26,Regular Season,,Caleb Houstan,,,,4.0,,,,24.0,,,,,,,,,,,,0.926,9.4,,,basketball-reference
2025-26,Regular Season,,Jared McCain,,,,2.0,,,,24.0,,,,,,,,,,,,0.0,11.9,,,basketball-reference
2025-26,Regular Season,,DeAndre Jordan,,,,2.0,,,,23.0,,,,,,,,,,,,0.765,12.6,,,basketball-reference
2025-26,Regular Season,,Yanic Konan Niederhauser,,,,5.0,,,,22.0,,,,,,,,,,,,0.825,25.3,,,basketball-reference
2025-26,Regular Season,,E.J. Liddell,,,,4.0,,,,22.0,,,,,,,,,,,,0.581,19.6,,,basketball-reference
2025-26,Regular Season,,GG Jackson II,,,,5.0,,,,21.0,,,,,,,,,,,,0.307,19.3,,,basketball-reference
2025-26,Regular Season,,Tyson Etienne,,,,3.0,,,,21.0,,,,,,,,,,,,0.0,11.9,,,basketball-reference
2025-26,Regular Season,,Eric Gordon,,,,3.0,,,,21.0,,,,,,,,,,,,0.8,13.6,,,basketball-reference
2025-26,Regular Season,,Jamir Watkins,,,,3.0,,,,21.0,,,,,,,,,,,,0.75,9.8,,,basketball-reference
2025-26,Regular Season,,PJ Hall,,,,6.0,,,,20.0,,,,,,,,,,,,0.765,14.3,,,basketball-reference
2025-26,Regular Season,,Keshad Johnson,,,,3.0,,,,20.0,,,,,,,,,,,,0.318,24.6,,,basketball-reference
2025-26,Regular Season,,Jevon Carter,,,,2.0,,,,20.0,,,,,,,,,,,,0.75,8.4,,,basketball-reference
2025-26,Regular Season,,James Wiseman,,,,1.0,,,,20.0,,,,,,,,,,,,0.667,12.0,,,basketball-reference
2025-26,Regular Season,,Kelly Olynyk,,,,3.0,,,,19.0,,,,,,,,,,,,1.0,9.0,,,basketball-reference
2025-26,Regular Season,,Zeke Nnaji,,,,5.0,,,,18.0,,,,,,,,,,,,0.661,24.2,,,basketball-reference
2025-26,Regular Season,,Bryce McGowens,,,,4.0,,,,18.0,,,,,,,,,,,,0.521,15.9,,,basketball-reference
2025-26,Regular Season,,Johnny Juzang,,,,5.0,,,,17.0,,,,,,,,,,,,0.381,22.3,,,basketball-reference
2025-26,Regular Season,,JD Davison,,,,3.0,,,,17.0,,,,,,,,,,,,0.581,16.7,,,basketball-reference
2025-26,Regular Season,,Isaac Jones,,,,3.0,,,,17.0,,,,,,,,,,,,0.521,7.1,,,basketball-reference
2025-26,Regular Season,,Gary Harris,,,,4.0,,,,16.0,,,,,,,,,,,,0.25,13.3,,,basketball-reference
2025-26,Regular Season,,Joe Ingles,,,,4.0,,,,16.0,,,,,,,,,,,,0.0,5.3,,,basketball-reference
2025-26,Regular Season,,Jahmyl Telfort,,,,3.0,,,,16.0,,,,,,,,,,,,0.133,13.2,,,basketball-reference
2025-26,Regular Season,,N'Faly Dante,,,,4.0,,,,15.0,,,,,,,,,,,,0.338,15.3,,,basketball-reference
2025-26,Regular Season,,Hunter Tyson,,,,4.0,,,,14.0,,,,,,,,,,,,0.0,15.1,,,basketball-reference
2025-26,Regular Season,,Maxi Kleber,,,,1.0,,,,14.0,,,,,,,,,,,,0.266,5.8,,,basketball-reference
2025-26,Regular Season,,Mohamed Diawara,,,,5.0,,,,13.0,,,,,,,,,,,,0.717,18.6,,,basketball-reference
2025-26,Regular Season,,Anthony Gill,,,,5.0,,,,13.0,,,,,,,,,,,,0.922,21.7,,,basketball-reference
2025-26,Regular Season,,Jeff Green,,,,3.0,,,,13.0,,,,,,,,,,,,1.125,12.7,,,basketball-reference
2025-26,Regular Season,,Andre Jackson Jr.,,,,3.0,,,,13.0,,,,,,,,,,,,0.0,3.3,,,basketball-reference
2025-26,Regular Season,,Pacome Dadiet,,,,4.0,,,,12.0,,,,,,,,,,,,0.347,9.9,,,basketball-reference
2025-26,Regular Season,,Mason Plumlee,,,,3.0,,,,12.0,,,,,,,,,,,,1.0,6.9,,,basketball-reference
2025-26,Regular Season,,Mark Sears,,,,2.0,,,,12.0,,,,,,,,,,,,0.602,27.2,,,basketball-reference
2025-26,Regular Season,,Harrison Ingram,,,,3.0,,,,11.0,,,,,,,,,,,,0.833,11.6,,,basketball-reference
2025-26,Regular Season,,David Jones García,,,,3.0,,,,11.0,,,,,,,,,,,,0.541,32.2,,,basketball-reference
2025-26,Regular Season,,Ron Harper Jr.,,,,2.0,,,,11.0,,,,,,,,,,,,0.2,19.3,,,basketball-reference
2025-26,Regular Season,,Jahmir Young,,,,2.0,,,,10.0,,,,,,,,,,,,0.333,16.4,,,basketball-reference
2025-26,Regular Season,,Jacob Toppin,,,,3.0,,,,9.0,,,,,,,,,,,,0.75,18.8,,,basketball-reference
2025-26,Regular Season,,Kobe Sanders,,,,2.0,,,,9.0,,,,,,,,,,,,0.25,24.7,,,basketball-reference
2025-26,Regular Season,,Kevin Porter Jr.,,,,1.0,,,,9.0,,,,,,,,,,,,0.85,27.9,,,basketball-reference
2025-26,Regular Season,,Riley Minix,,,,3.0,,,,8.0,,,,,,,,,,,,0.75,32.0,,,basketball-reference
2025-26,Regular Season,,Trey Jemison,,,,1.0,,,,8.0,,,,,,,,,,,,nan,0.0,,,basketball-reference
2025-26,Regular Season,,Hunter Sallis,,,,3.0,,,,7.0,,,,,,,,,,,,1.0,17.5,,,basketball-reference
2025-26,Regular Season,,Chris Mañon,,,,2.0,,,,7.0,,,,,,,,,,,,0.0,6.1,,,basketball-reference
2025-26,Regular Season,,Nae'Qwan Tomlin,,,,2.0,,,,7.0,,,,,,,,,,,,0.615,28.2,,,basketball-reference
2025-26,Regular Season,,Amari Williams,,,,2.0,,,,7.0,,,,,,,,,,,,0.5,12.1,,,basketball-reference
2025-26,Regular Season,,Colby Jones,,,,1.0,,,,7.0,,,,,,,,,,,,0.333,17.4,,,basketball-reference
2025-26,Regular Season,,Johni Broome,,,,2.0,,,,6.0,,,,,,,,,,,,0.4,34.1,,,basketball-reference
2025-26,Regular Season,,Christian Koloko,,,,2.0,,,,6.0,,,,,,,,,,,,nan,0.0,,,basketball-reference
2025-26,Regular Season,,Tolu Smith,,,,1.0,,,,6.0,,,,,,,,,,,,0.777,54.6,,,basketball-reference
2025-26,Regular Season,,Hunter Dickinson,,,,1.0,,,,5.0,,,,,,,,,,,,0.5,33.8,,,basketball-reference
2025-26,Regular Season,,Sharife Cooper,,,,2.0,,,,4.0,,,,,,,,,,,,nan,10.3,,,basketball-reference
2025-26,Regular Season,,DaRon Holmes,,,,2.0,,,,4.0,,,,,,,,,,,,1.5,10.5,,,basketball-reference
2025-26,Regular Season,,Koby Brea,,,,1.0,,,,4.0,,,,,,,,,,,,0.694,30.2,,,basketball-reference
2025-26,Regular Season,,Danny Wolf,,,,1.0,,,,4.0,,,,,,,,,,,,0.0,10.4,,,basketball-reference
2025-26,Regular Season,,Myron Gardner,,,,1.0,,,,3.0,,,,,,,,,,,,1.5,13.7,,,basketball-reference
2025-26,Regular Season,,Kyle Lowry,,,,1.0,,,,3.0,,,,,,,,,,,,1.5,13.6,,,basketball-reference
2025-26,Regular Season,,Thanasis Antetokounmpo,,,,1.0,,,,2.0,,,,,,,,,,,,0.0,21.4,,,basketball-reference
2025-26,Regular Season,,Miles Kelly,,,,1.0,,,,2.0,,,,,,,,,,,,nan,21.0,,,basketball-reference
2025-26,Regular Season,,Orlando Robinson,,,,1.0,,,,2.0,,,,,,,,,,,,nan,0.0,,,basketball-reference
2025-26,Regular Season,,League Average,,,,nan,,,,nan,,,,,,,,,,,,0.582,19.9,,,basketball-reference
